Product_Supermarket_Identifier,Product_Supermarket_Sales
FDY57_CHUKWUDI013,3544.9082
FDY10_CHUKWUDI018,5503.2915
FDO40_CHUKWUDI018,6711.4756
NCQ43_CHUKWUDI018,4539.6636
NCC07_CHUKWUDI046,4745.2627
FDK27_CHUKWUDI019,509.33777
DRJ39_CHUKWUDI027,10082.952
FDZ16_CHUKWUDI035,5853.2793
FDD21_CHUKWUDI018,4349.488
FDQ12_CHUKWUDI019,931.4611
FDH35_CHUKWUDI045,7977.289
FDP51_CHUKWUDI018,3782.923
FDD10_CHUKWUDI045,8196.029
FDB23_CHUKWUDI045,9472.167
FDK41_CHUKWUDI013,3179.4844
NCX18_CHUKWUDI035,9739.093
FDO60_CHUKWUDI010,100.69338
NCW29_CHUKWUDI013,5054.4946
DRD13_CHUKWUDI013,1896.6309
FDU44_CHUKWUDI018,6199.1987
FDD09_CHUKWUDI018,9146.08
NCO29_CHUKWUDI017,8501.951
FDS57_CHUKWUDI017,7410.57
FDW21_CHUKWUDI046,2810.9604
FDV26_CHUKWUDI019,1615.252
NCJ43_CHUKWUDI017,9608.241
FDF34_CHUKWUDI017,8126.053
FDK33_CHUKWUDI035,11787.345
FDO34_CHUKWUDI027,11129.495
FDE24_CHUKWUDI018,5360.159
NCR38_CHUKWUDI035,13815.223
FDV21_CHUKWUDI010,1171.7029
DRL35_CHUKWUDI013,1672.7899
FDM39_CHUKWUDI018,7571.522
DRH01_CHUKWUDI045,8438.964
FDX34_CHUKWUDI049,5068.3267
DRB01_CHUKWUDI049,10852.119
FDD05_CHUKWUDI046,5185.564
FDN31_CHUKWUDI049,9940.201
FDW12_CHUKWUDI027,10277.662
FDO34_CHUKWUDI018,7061.7
FDV28_CHUKWUDI010,348.38235
NCF30_CHUKWUDI046,4683.961
NCZ53_CHUKWUDI027,14284.401
DRC01_CHUKWUDI013,1986.3762
FDO27_CHUKWUDI046,4049.2527
FDV55_CHUKWUDI046,5324.5327
FDV01_CHUKWUDI017,6513.1406
FDB45_CHUKWUDI046,4057.2632
FDF17_CHUKWUDI045,9208.765
DRD60_CHUKWUDI035,8940.914
FDV26_CHUKWUDI027,14557.885
DRI03_CHUKWUDI027,10523.947
FDA43_CHUKWUDI018,8043.6147
NCX54_CHUKWUDI046,4088.4824
FDX34_CHUKWUDI046,4632.4336
FDX07_CHUKWUDI049,7301.451
FDM45_CHUKWUDI013,4846.2
NCY18_CHUKWUDI018,6534.322
NCV54_CHUKWUDI019,720.7758
FDX47_CHUKWUDI017,6085.0454
FDT55_CHUKWUDI035,6023.19
NCL18_CHUKWUDI035,7583.588
DRL47_CHUKWUDI046,5559.393
FDH44_CHUKWUDI017,6431.451
FDS11_CHUKWUDI049,8171.0234
FDH27_CHUKWUDI046,5059.4824
NCK19_CHUKWUDI018,7639.1475
FDC57_CHUKWUDI035,7769.0117
FDT13_CHUKWUDI035,7743.331
NCY18_CHUKWUDI046,7096.1763
NCS53_CHUKWUDI045,6404.846
FDE08_CHUKWUDI010,782.01984
FDY38_CHUKWUDI045,11471.836
FDJ55_CHUKWUDI035,9076.386
FDJ36_CHUKWUDI010,1086.7756
FDO12_CHUKWUDI049,9363.6455
FDX21_CHUKWUDI018,3978.7937
DRD49_CHUKWUDI035,9123.737
DRE13_CHUKWUDI013,3170.5957
NCF07_CHUKWUDI046,3547.5308
NCO17_CHUKWUDI049,4189.4736
FDR55_CHUKWUDI045,7989.6113
FDF40_CHUKWUDI027,14203.812
FDP10_CHUKWUDI013,4025.83
NCR41_CHUKWUDI049,4163.008
DRK37_CHUKWUDI027,11295.945
FDV03_CHUKWUDI013,6004.1606
FDN57_CHUKWUDI046,5496.122
DRE12_CHUKWUDI013,4619.906
FDV37_CHUKWUDI035,8594.134
FDF56_CHUKWUDI027,9918.306
DRJ49_CHUKWUDI018,4335.7803
FDJ46_CHUKWUDI027,10874.996
FDC21_CHUKWUDI010,399.68167
FDK21_CHUKWUDI035,11705.882
FDT32_CHUKWUDI017,7615.603
FDN56_CHUKWUDI035,5681.849
FDS52_CHUKWUDI010,404.75906
NCU42_CHUKWUDI045,5752.0835
NCN07_CHUKWUDI046,5501.661
NCG30_CHUKWUDI046,5219.086
NCL54_CHUKWUDI027,12833.13
FDZ26_CHUKWUDI035,10441.781
FDX25_CHUKWUDI046,8076.8193
FDT21_CHUKWUDI017,11055.269
FDN56_CHUKWUDI045,6261.1304
NCB42_CHUKWUDI013,5300.1826
FDA21_CHUKWUDI049,8083.947
FDY55_CHUKWUDI035,12653.563
NCS30_CHUKWUDI018,4540.823
FDI20_CHUKWUDI027,12047.443
FDT01_CHUKWUDI045,7826.3403
NCJ05_CHUKWUDI046,5954.0415
FDW04_CHUKWUDI045,5089.3657
FDW23_CHUKWUDI013,2080.6057
FDS57_CHUKWUDI046,6915.096
FDM12_CHUKWUDI017,9432.86
FDI34_CHUKWUDI035,9191.564
FDQ28_CHUKWUDI027,8930.938
FDI02_CHUKWUDI046,4292.7817
NCX53_CHUKWUDI013,5348.1465
DRF27_CHUKWUDI017,5870.596
FDR39_CHUKWUDI046,8312.607
FDU26_CHUKWUDI017,4919.1353
FDK08_CHUKWUDI049,3541.4668
FDD47_CHUKWUDI049,7735.311
FDO34_CHUKWUDI010,1263.1132
FDY12_CHUKWUDI013,2611.8203
FDS11_CHUKWUDI035,8051.2246
FDA47_CHUKWUDI017,6697.967
FDM08_CHUKWUDI045,9057.196
FDJ53_CHUKWUDI046,4662.3735
FDC44_CHUKWUDI017,4553.326
NCM43_CHUKWUDI018,6237.827
FDY44_CHUKWUDI018,6633.8555
FDI41_CHUKWUDI035,6904.0513
FDH17_CHUKWUDI046,4274.246
NCQ38_CHUKWUDI049,3617.846
FDB22_CHUKWUDI045,6040.109
FDP37_CHUKWUDI019,514.87415
NCQ50_CHUKWUDI049,10799.148
FDA49_CHUKWUDI010,600.6463
FDC51_CHUKWUDI049,4703.1685
FDQ32_CHUKWUDI046,5130.911
NCX41_CHUKWUDI045,8882.669
FDD40_CHUKWUDI049,8259.363
FDG12_CHUKWUDI017,4818.195
FDR52_CHUKWUDI035,7906.468
FDA52_CHUKWUDI045,5921.191
DRE60_CHUKWUDI019,2612.7463
DRN37_CHUKWUDI049,6054.7944
FDI09_CHUKWUDI045,9172.818
FDW07_CHUKWUDI010,782.45996
FDG12_CHUKWUDI019,869.8311
FDN01_CHUKWUDI045,8449.155
FDB53_CHUKWUDI049,6425.331
FDM46_CHUKWUDI046,3678.41
FDG33_CHUKWUDI017,6774.7695
FDC22_CHUKWUDI049,8376.676
DRN47_CHUKWUDI027,9582.366
FDP52_CHUKWUDI027,15851.248
FDY08_CHUKWUDI010,947.59705
FDQ21_CHUKWUDI013,5556.686
NCN06_CHUKWUDI010,1181.7401
FDG53_CHUKWUDI013,5428.1787
NCJ54_CHUKWUDI027,15107.953
NCF54_CHUKWUDI045,7598.969
FDA50_CHUKWUDI010,811.0954
FDV45_CHUKWUDI045,8445.42
NCH55_CHUKWUDI018,4749.6875
FDX21_CHUKWUDI046,4529.941
DRH37_CHUKWUDI013,5578.367
FDX38_CHUKWUDI013,2033.7856
FDT21_CHUKWUDI035,11317.556
FDW25_CHUKWUDI013,3240.8608
NCL29_CHUKWUDI046,6304.7373
FDR31_CHUKWUDI027,9270.282
FDC34_CHUKWUDI019,949.5158
FDK50_CHUKWUDI017,5613.727
DRI25_CHUKWUDI013,2629.9255
FDN15_CHUKWUDI049,5954.2046
NCX54_CHUKWUDI010,601.80035
FDF10_CHUKWUDI049,6351.287
NCS06_CHUKWUDI019,1463.7937
NCT41_CHUKWUDI046,6058.9043
FDB14_CHUKWUDI010,702.1351
NCQ30_CHUKWUDI049,4571.6494
FDU01_CHUKWUDI017,7141.962
FDW19_CHUKWUDI018,4166.809
FDS43_CHUKWUDI045,7652.023
NCP18_CHUKWUDI018,5658.3057
DRE60_CHUKWUDI045,8412.402
FDY28_CHUKWUDI017,8370.207
DRG01_CHUKWUDI013,3404.0767
FDF50_CHUKWUDI035,7968.6914
FDQ10_CHUKWUDI027,11323.367
FDS12_CHUKWUDI013,6296.1074
FDF16_CHUKWUDI017,5921.2075
NCK29_CHUKWUDI010,777.5968
FDD50_CHUKWUDI027,8755.584
NCO42_CHUKWUDI035,5648.845
FDQ24_CHUKWUDI045,11988.479
NCL18_CHUKWUDI018,7371.2964
FDS12_CHUKWUDI010,886.6649
FDF10_CHUKWUDI045,6429.4575
NCQ30_CHUKWUDI010,717.1314
FDV46_CHUKWUDI019,1063.7625
NCJ43_CHUKWUDI027,12402.469
NCK18_CHUKWUDI049,7049.516
FDL46_CHUKWUDI018,4313.7695
FDZ25_CHUKWUDI027,11599.231
FDE51_CHUKWUDI010,381.25616
FDU40_CHUKWUDI046,8058.515
FDK25_CHUKWUDI017,5982.8726
FDO52_CHUKWUDI046,7910.06
FDM03_CHUKWUDI018,4441.2847
FDR01_CHUKWUDI045,8657.319
FDA27_CHUKWUDI045,9129.666
FDX47_CHUKWUDI018,5962.1636
DRC36_CHUKWUDI046,7144.644
FDO40_CHUKWUDI027,7445.1973
DRM37_CHUKWUDI027,12388.707
FDR10_CHUKWUDI013,6111.4785
FDP08_CHUKWUDI049,8406.937
FDH56_CHUKWUDI010,782.8231
FDQ40_CHUKWUDI017,7939.2144
FDT40_CHUKWUDI017,4817.239
FDE28_CHUKWUDI019,1585.724
NCZ18_CHUKWUDI045,9734.822
NCI29_CHUKWUDI049,5620.9443
FDI32_CHUKWUDI010,699.4126
FDV13_CHUKWUDI013,3972.2183
NCA06_CHUKWUDI013,1554.92
FDY19_CHUKWUDI013,4371.0776
NCJ43_CHUKWUDI010,1229.3977
FDG04_CHUKWUDI045,7581.7583
FDC29_CHUKWUDI046,4568.955
FDJ04_CHUKWUDI046,5219.086
NCE07_CHUKWUDI035,5443.643
FDB09_CHUKWUDI046,5018.4478
FDY47_CHUKWUDI010,721.58575
DRH36_CHUKWUDI013,3430.5857
FDC10_CHUKWUDI049,4781.263
FDX49_CHUKWUDI027,14465.552
FDW08_CHUKWUDI018,3912.424
FDA31_CHUKWUDI018,6426.044
FDY40_CHUKWUDI013,2240.0425
FDT31_CHUKWUDI017,7883.2705
FDZ10_CHUKWUDI046,5266.903
FDG31_CHUKWUDI010,597.9
FDR26_CHUKWUDI045,7242.914
FDK02_CHUKWUDI049,5131.1035
NCQ41_CHUKWUDI018,8463.003
FDX19_CHUKWUDI017,12503.355
FDI46_CHUKWUDI045,11300.041
FDY57_CHUKWUDI049,2889.5745
FDJ21_CHUKWUDI018,6284.935
FDN01_CHUKWUDI018,8893.115
FDN51_CHUKWUDI045,10325.658
FDT35_CHUKWUDI017,5472.6514
FDJ36_CHUKWUDI049,4846.653
FDW45_CHUKWUDI046,6149.569
FDB33_CHUKWUDI049,6702.886
NCC19_CHUKWUDI046,6829.7085
FDX15_CHUKWUDI049,6589.7285
NCT18_CHUKWUDI017,7886.583
FDH57_CHUKWUDI046,5309.171
FDX22_CHUKWUDI035,10257.141
FDN02_CHUKWUDI035,11016.164
FDT58_CHUKWUDI018,5180.767
NCV06_CHUKWUDI027,14272.409
FDW44_CHUKWUDI046,7162.593
DRF49_CHUKWUDI046,4382.703
FDD04_CHUKWUDI019,892.10706
FDH53_CHUKWUDI013,3808.5
FDS01_CHUKWUDI019,1483.6398
FDU60_CHUKWUDI035,5904.9927
FDZ59_CHUKWUDI049,5980.138
FDE17_CHUKWUDI035,6449.675
FDG38_CHUKWUDI013,3561.8381
FDY21_CHUKWUDI019,1026.133
FDV11_CHUKWUDI045,7431.537
DRJ11_CHUKWUDI049,8054.6206
FDD56_CHUKWUDI018,7247.7817
FDM51_CHUKWUDI013,4934.1665
FDC15_CHUKWUDI018,4628.0107
FDN38_CHUKWUDI019,1634.5287
FDJ38_CHUKWUDI017,7151.029
NCA42_CHUKWUDI027,9422.402
FDV38_CHUKWUDI013,2648.3755
NCK06_CHUKWUDI013,5202.9
FDI24_CHUKWUDI027,11456.516
FDB44_CHUKWUDI017,9027.489
FDG09_CHUKWUDI017,7832.6543
DRB25_CHUKWUDI018,4153.31
FDS01_CHUKWUDI017,8075.206
FDW39_CHUKWUDI019,1392.3019
NCT42_CHUKWUDI049,5916.0796
FDV09_CHUKWUDI017,6094.057
NCF42_CHUKWUDI019,730.7782
FDQ11_CHUKWUDI027,12771.006
FDZ50_CHUKWUDI027,10540.932
FDC53_CHUKWUDI013,3566.667
FDD17_CHUKWUDI045,8755.637
DRF01_CHUKWUDI018,5492.4536
NCP14_CHUKWUDI013,3893.651
FDJ48_CHUKWUDI017,9637.58
DRH23_CHUKWUDI013,2673.6243
FDY04_CHUKWUDI017,6645.2505
FDQ40_CHUKWUDI018,5186.253
FDI08_CHUKWUDI017,10608.565
FDC50_CHUKWUDI010,1221.5065
FDO52_CHUKWUDI045,7190.886
NCN53_CHUKWUDI013,1935.5435
FDX16_CHUKWUDI035,6542.074
NCQ50_CHUKWUDI027,13956.26
FDL15_CHUKWUDI049,6417.4263
FDU34_CHUKWUDI013,5497.692
FDQ40_CHUKWUDI049,7547.2417
FDM10_CHUKWUDI035,9131.944
DRE49_CHUKWUDI018,6066.3735
FDA31_CHUKWUDI045,6978.6123
FDH21_CHUKWUDI035,6404.05
NCP29_CHUKWUDI013,2374.8293
FDU20_CHUKWUDI019,953.9151
FDF22_CHUKWUDI049,10553.072
NCW41_CHUKWUDI046,6275.719
NCO30_CHUKWUDI035,8133.6636
FDT09_CHUKWUDI045,5335.387
FDZ25_CHUKWUDI045,6188.7246
FDY04_CHUKWUDI027,9571.649
FDR23_CHUKWUDI045,7881.021
DRA12_CHUKWUDI010,363.99216
FDA20_CHUKWUDI049,8342.052
FDY55_CHUKWUDI045,12407.187
FDL20_CHUKWUDI049,4308.6333
FDK09_CHUKWUDI019,1683.3328
NCM43_CHUKWUDI049,7433.3745
FDY58_CHUKWUDI049,10511.906
FDP11_CHUKWUDI019,1436.947
FDF44_CHUKWUDI018,4259.7373
FDH14_CHUKWUDI045,5864.2344
FDV01_CHUKWUDI010,1040.3119
DRL49_CHUKWUDI035,5079.455
FDO56_CHUKWUDI019,733.77515
FDR12_CHUKWUDI027,10485.172
FDE16_CHUKWUDI018,9063.849
FDH27_CHUKWUDI018,4552.227
NCY18_CHUKWUDI049,7543.281
NCL18_CHUKWUDI049,7945.4175
FDX09_CHUKWUDI049,8329.397
FDC28_CHUKWUDI046,4076.052
FDR15_CHUKWUDI027,8078.958
NCH07_CHUKWUDI010,974.55707
FDF26_CHUKWUDI017,5964.471
FDP28_CHUKWUDI035,9399.191
FDM13_CHUKWUDI035,4748.2925
FDE46_CHUKWUDI027,7509.6304
FDM36_CHUKWUDI046,7247.3013
FDQ10_CHUKWUDI018,7067.0493
FDM21_CHUKWUDI035,10600.703
NCK05_CHUKWUDI010,277.39142
FDV04_CHUKWUDI010,1132.2711
FDI07_CHUKWUDI027,13885.7705
FDU57_CHUKWUDI013,5723.0737
FDM25_CHUKWUDI035,7532.1426
FDH35_CHUKWUDI013,6383.356
FDN60_CHUKWUDI027,10468.314
FDA26_CHUKWUDI035,8379.041
DRC27_CHUKWUDI045,10470.388
DRM23_CHUKWUDI027,6724.284
FDB36_CHUKWUDI018,4282.381
FDE17_CHUKWUDI013,5428.2207
FDE11_CHUKWUDI027,7471.626
FDU35_CHUKWUDI010,456.92487
FDY03_CHUKWUDI013,4208.706
FDZ49_CHUKWUDI049,8766.884
NCC07_CHUKWUDI013,3344.6135
NCR05_CHUKWUDI045,7807.139
NCK07_CHUKWUDI018,6279.6924
FDB28_CHUKWUDI045,6542.273
FDJ03_CHUKWUDI013,2240.0425
FDC38_CHUKWUDI013,5870.0806
FDZ57_CHUKWUDI018,4542.943
NCP18_CHUKWUDI035,5854.217
FDB52_CHUKWUDI027,13024.539
NCA17_CHUKWUDI013,6665.26
FDK20_CHUKWUDI013,5135.689
FDM36_CHUKWUDI049,8054.6206
FDQ25_CHUKWUDI035,7250.3975
FDR02_CHUKWUDI013,4478.2354
FDR09_CHUKWUDI027,14379.49
NCT18_CHUKWUDI035,7363.672
FDH38_CHUKWUDI018,4384.668
FDY09_CHUKWUDI010,1647.2579
FDU24_CHUKWUDI046,3786.27
FDU07_CHUKWUDI019,1244.0856
FDJ44_CHUKWUDI046,7217.079
FDN03_CHUKWUDI035,11727.537
FDB53_CHUKWUDI035,6170.8506
FDX27_CHUKWUDI010,702.1351
FDO57_CHUKWUDI046,4222.1963
FDA03_CHUKWUDI010,656.92596
NCN29_CHUKWUDI010,322.71844
FDI40_CHUKWUDI046,4647.9146
FDX55_CHUKWUDI019,1077.0562
DRG48_CHUKWUDI049,5740.2637
FDY07_CHUKWUDI010,288.5232
FDT13_CHUKWUDI017,7743.331
FDH05_CHUKWUDI045,8975.68
FDD46_CHUKWUDI027,9287.504
NCA30_CHUKWUDI049,8346.29
NCM30_CHUKWUDI013,1466.5435
FDL34_CHUKWUDI049,6494.851
NCS06_CHUKWUDI027,14092.432
FDK02_CHUKWUDI010,1006.81305
DRJ24_CHUKWUDI035,7817.5586
DRG11_CHUKWUDI046,3787.743
FDB34_CHUKWUDI010,867.21625
FDV24_CHUKWUDI010,681.6968
FDE16_CHUKWUDI045,8650.905
FDL57_CHUKWUDI019,2919.324
FDG21_CHUKWUDI049,6398.291
NCW41_CHUKWUDI027,9985.345
NCP05_CHUKWUDI018,5825.405
FDN15_CHUKWUDI019,1134.0275
FDC33_CHUKWUDI045,6474.478
FDR46_CHUKWUDI045,6713.268
FDZ45_CHUKWUDI019,909.6847
FDY44_CHUKWUDI045,6970.508
NCX18_CHUKWUDI045,10716.879
FDJ04_CHUKWUDI018,4174.7344
NCK17_CHUKWUDI013,1702.5397
FDQ31_CHUKWUDI013,3965.36
FDH26_CHUKWUDI049,5116.137
FDX33_CHUKWUDI013,6063.093
FDU36_CHUKWUDI013,4727.805
FDZ59_CHUKWUDI013,5042.317
FDM24_CHUKWUDI027,9677.391
NCI18_CHUKWUDI017,9567.6
FDO52_CHUKWUDI035,7190.886
NCB07_CHUKWUDI049,7316.155
FDW43_CHUKWUDI049,12904.374
FDQ27_CHUKWUDI046,4232.1567
NCN43_CHUKWUDI046,5381.1494
FDK10_CHUKWUDI027,13536.961
FDH32_CHUKWUDI046,3648.2227
FDZ33_CHUKWUDI017,6185.011
FDD34_CHUKWUDI049,6473.306
FDU58_CHUKWUDI045,7785.545
FDV22_CHUKWUDI017,6405.2734
NCE30_CHUKWUDI019,1614.4222
FDR27_CHUKWUDI013,5958.9897
FDL13_CHUKWUDI045,10083.694
FDM56_CHUKWUDI013,3947.6147
FDR57_CHUKWUDI046,5710.5435
NCF42_CHUKWUDI045,6482.019
FDF11_CHUKWUDI017,9515.096
FDR35_CHUKWUDI018,5856.53
FDF24_CHUKWUDI010,616.484
FDI53_CHUKWUDI017,6481.395
DRG37_CHUKWUDI035,6405.2734
NCD31_CHUKWUDI018,6303.554
FDC44_CHUKWUDI046,4554.8154
NCF42_CHUKWUDI035,8227.153
FDE24_CHUKWUDI045,7190.0957
FDW40_CHUKWUDI035,5314.505
FDP58_CHUKWUDI019,766.79614
FDV20_CHUKWUDI019,487.81302
FDB14_CHUKWUDI046,4064.872
FDI57_CHUKWUDI035,7637.078
FDS07_CHUKWUDI018,4303.1265
DRJ59_CHUKWUDI013,1931.0465
FDI35_CHUKWUDI049,7269.9233
FDA20_CHUKWUDI035,8358.244
DRI47_CHUKWUDI046,6949.789
FDC34_CHUKWUDI045,6484.2324
FDQ39_CHUKWUDI027,11826.887
FDJ10_CHUKWUDI013,5754.6333
DRK11_CHUKWUDI045,6064.297
FDQ45_CHUKWUDI035,7566.152
FDG29_CHUKWUDI013,1937.9901
FDI04_CHUKWUDI045,6056.4023
FDC09_CHUKWUDI010,616.484
FDW56_CHUKWUDI017,8644.196
FDR01_CHUKWUDI035,6076.155
FDC03_CHUKWUDI017,6579.302
DRG36_CHUKWUDI027,9226.141
FDW49_CHUKWUDI019,1856.3892
FDS49_CHUKWUDI013,2837.6663
FDA03_CHUKWUDI027,8351.266
FDQ33_CHUKWUDI027,7509.6304
FDE20_CHUKWUDI046,7251.2065
NCO30_CHUKWUDI019,1324.788
FDJ26_CHUKWUDI035,8579.787
FDW39_CHUKWUDI046,8523.909
FDZ08_CHUKWUDI010,298.86124
FDV44_CHUKWUDI049,7134.836
FDU55_CHUKWUDI045,10753.799
FDQ45_CHUKWUDI019,1372.3541
FDK34_CHUKWUDI027,15181.982
FDL33_CHUKWUDI046,9094.876
FDE24_CHUKWUDI017,7190.0957
NCH06_CHUKWUDI027,16020.985
FDF57_CHUKWUDI045,6132.2695
DRG36_CHUKWUDI035,7983.2236
FDO56_CHUKWUDI018,4374.5933
FDQ28_CHUKWUDI017,5832.093
FDP45_CHUKWUDI027,13566.51
FDN23_CHUKWUDI027,9835.725
NCA05_CHUKWUDI035,6996.9893
FDY56_CHUKWUDI027,15885.284
FDI28_CHUKWUDI013,2762.5537
DRH25_CHUKWUDI013,1927.2529
FDQ48_CHUKWUDI013,4924.091
FDS57_CHUKWUDI049,7153.2573
DRK49_CHUKWUDI013,1931.0465
FDT32_CHUKWUDI035,7615.603
FDF14_CHUKWUDI045,5684.557
FDD44_CHUKWUDI035,10914.86
FDA02_CHUKWUDI045,6210.7764
FDX32_CHUKWUDI049,6741.768
FDL44_CHUKWUDI018,5418.9434
FDR26_CHUKWUDI018,7266.8594
NCR54_CHUKWUDI017,8804.6
FDY47_CHUKWUDI013,4471.1733
FDI57_CHUKWUDI018,7652.336
FDC04_CHUKWUDI045,10817.471
NCQ06_CHUKWUDI027,15451.858
NCJ43_CHUKWUDI046,8191.1978
FDF52_CHUKWUDI035,7561.662
FDY04_CHUKWUDI035,6645.2505
DRA59_CHUKWUDI027,11161.29
FDH10_CHUKWUDI027,13190.458
FDB27_CHUKWUDI035,7585.4214
FDN25_CHUKWUDI013,2629.1782
FDH24_CHUKWUDI018,6390.5186
FDL39_CHUKWUDI017,9188.164
FDB08_CHUKWUDI018,5822.6763
FDA20_CHUKWUDI027,13437.058
FDH21_CHUKWUDI045,6404.05
NCH42_CHUKWUDI017,10239.257
FDS01_CHUKWUDI049,7458.22
FDZ10_CHUKWUDI049,5249.801
FDQ25_CHUKWUDI027,11176.924
FDU57_CHUKWUDI027,8548.636
FDB11_CHUKWUDI049,9027.056
NCX53_CHUKWUDI010,683.0236
FDX49_CHUKWUDI045,8825.76
NCX17_CHUKWUDI045,8150.5796
FDK25_CHUKWUDI019,933.0771
NCP05_CHUKWUDI049,6855.858
FDR26_CHUKWUDI046,7146.6606
FDA02_CHUKWUDI046,5406.812
FDZ57_CHUKWUDI017,5079.175
FDE11_CHUKWUDI035,7526.622
FDI57_CHUKWUDI017,7380.6562
FDB23_CHUKWUDI017,8572.558
FDR55_CHUKWUDI017,7438.976
FDG33_CHUKWUDI045,6340.783
FDN21_CHUKWUDI027,10318.103
DRB25_CHUKWUDI013,4377.303
FDA39_CHUKWUDI013,2092.8418
FDN31_CHUKWUDI045,10540.072
FDG10_CHUKWUDI010,240.66164
FDA16_CHUKWUDI027,15682.869
FDY15_CHUKWUDI018,4783.718
FDC39_CHUKWUDI035,5269.036
FDB33_CHUKWUDI045,6829.9136
FDZ21_CHUKWUDI046,3743.8457
FDI04_CHUKWUDI018,6205.664
FDU22_CHUKWUDI019,754.28015
FDZ15_CHUKWUDI013,5051.8853
FDB09_CHUKWUDI049,5283.0444
DRD24_CHUKWUDI010,817.8042
NCO06_CHUKWUDI013,1767.9011
FDM09_CHUKWUDI010,491.40128
FDY48_CHUKWUDI018,4690.9995
FDP52_CHUKWUDI035,10155.005
DRE49_CHUKWUDI035,6775.047
FDS25_CHUKWUDI018,4023.2212
FDS45_CHUKWUDI010,979.5103
FDF20_CHUKWUDI049,7747.421
FDM15_CHUKWUDI035,5565.6665
NCL18_CHUKWUDI019,1004.71265
NCB18_CHUKWUDI013,3348.419
DRF01_CHUKWUDI046,5640.279
DRB01_CHUKWUDI027,11361.015
FDU26_CHUKWUDI010,611.8391
FDW32_CHUKWUDI013,3160.4443
FDL34_CHUKWUDI046,5320.378
FDZ23_CHUKWUDI035,8448.378
NCX29_CHUKWUDI049,5918.392
FDX59_CHUKWUDI013,1498.8217
FDR39_CHUKWUDI017,8387.892
FDW40_CHUKWUDI010,920.35126
FDD20_CHUKWUDI046,5364.77
FDS07_CHUKWUDI046,4472.0947
FDN40_CHUKWUDI013,5924.1865
FDY16_CHUKWUDI027,11935.649
NCJ05_CHUKWUDI013,5719.3447
FDW12_CHUKWUDI045,6085.005
FDX51_CHUKWUDI049,9247.12
FDQ01_CHUKWUDI045,9444.845
NCI17_CHUKWUDI046,3840.8608
FDM58_CHUKWUDI010,501.1579
FDU44_CHUKWUDI035,6262.6895
FDX20_CHUKWUDI035,8448.989
DRD49_CHUKWUDI017,8510.031
FDS08_CHUKWUDI035,7991.0083
FDG32_CHUKWUDI017,8389.784
NCY42_CHUKWUDI049,5442.9985
FDB09_CHUKWUDI035,5016.9585
FDA38_CHUKWUDI019,2219.5261
FDA45_CHUKWUDI045,4374.125
NCV29_CHUKWUDI049,8054.6206
FDD45_CHUKWUDI013,3120.5479
NCN17_CHUKWUDI046,4291.812
NCW53_CHUKWUDI045,9664.547
FDX50_CHUKWUDI013,4275.1094
FDW34_CHUKWUDI017,10297.261
NCI54_CHUKWUDI010,562.2294
FDE04_CHUKWUDI035,8054.5103
NCK29_CHUKWUDI049,4643.717
FDQ57_CHUKWUDI049,6865.5474
FDD11_CHUKWUDI017,10268.605
NCT41_CHUKWUDI013,6113.929
FDW47_CHUKWUDI010,796.8638
FDM52_CHUKWUDI017,6301.425
FDZ38_CHUKWUDI018,8421.541
NCP02_CHUKWUDI013,2773.7659
FDK08_CHUKWUDI010,911.6937
DRP35_CHUKWUDI035,5762.302
FDA47_CHUKWUDI027,8894.257
DRG37_CHUKWUDI046,6504.259
FDS31_CHUKWUDI018,5697.081
NCX29_CHUKWUDI035,5663.9116
NCK53_CHUKWUDI046,4318.5283
FDV21_CHUKWUDI018,4839.3994
FDX47_CHUKWUDI049,6382.3193
NCL29_CHUKWUDI027,9264.086
FDO60_CHUKWUDI013,1835.4882
NCX29_CHUKWUDI046,5762.897
FDW02_CHUKWUDI046,4751.2603
NCN14_CHUKWUDI046,8312.607
FDH50_CHUKWUDI018,6301.4185
FDY49_CHUKWUDI049,6993.759
DRE37_CHUKWUDI018,7319.1694
FDW49_CHUKWUDI027,14650.628
FDA45_CHUKWUDI035,4824.7173
FDQ39_CHUKWUDI045,7908.8667
NCW53_CHUKWUDI018,9290.494
NCS53_CHUKWUDI027,9973.664
FDO13_CHUKWUDI019,1213.832
FDS60_CHUKWUDI046,6793.5845
FDR44_CHUKWUDI018,4506.726
FDH27_CHUKWUDI013,5380.5474
NCC06_CHUKWUDI017,5480.677
DRC25_CHUKWUDI013,3965.36
FDP48_CHUKWUDI049,7860.659
NCV05_CHUKWUDI017,5864.3447
FDD22_CHUKWUDI049,4571.4453
FDE53_CHUKWUDI046,4905.0625
FDU58_CHUKWUDI018,6646.963
FDU59_CHUKWUDI013,5947.722
FDC52_CHUKWUDI013,6096.469
NCM53_CHUKWUDI049,3888.0005
FDX37_CHUKWUDI010,375.5054
NCG18_CHUKWUDI013,4115.003
FDS23_CHUKWUDI019,607.6719
NCX05_CHUKWUDI010,736.41205
NCL31_CHUKWUDI045,5142.1514
FDU24_CHUKWUDI049,2352.5396
FDW10_CHUKWUDI017,6385.3296
FDJ38_CHUKWUDI018,7087.1475
NCQ53_CHUKWUDI017,11969.305
FDI15_CHUKWUDI017,8281.745
FDN27_CHUKWUDI018,4853.409
FDF33_CHUKWUDI010,945.702
FDZ34_CHUKWUDI035,7365.478
NCJ31_CHUKWUDI017,8072.4673
NCS18_CHUKWUDI013,4459.294
FDU13_CHUKWUDI019,675.5979
DRF37_CHUKWUDI019,690.498
DRP35_CHUKWUDI018,3986.23
FDW44_CHUKWUDI049,7134.7637
FDL25_CHUKWUDI049,3288.5393
FDY47_CHUKWUDI045,4630.418
FDH35_CHUKWUDI027,8425.253
FDR21_CHUKWUDI017,8089.299
FDR58_CHUKWUDI049,3339.9421
FDW45_CHUKWUDI027,9422.402
NCX17_CHUKWUDI017,7735.825
NCM55_CHUKWUDI046,8124.4316
FDB17_CHUKWUDI049,7290.429
NCW29_CHUKWUDI049,5464.5615
FDW52_CHUKWUDI049,6352.8267
FDY21_CHUKWUDI027,12889.592
FDF21_CHUKWUDI035,8003.7017
FDD56_CHUKWUDI010,1543.8495
FDV50_CHUKWUDI013,4594.4946
FDG21_CHUKWUDI045,7163.1436
FDX08_CHUKWUDI019,1372.3541
NCW06_CHUKWUDI017,8901.073
NCP50_CHUKWUDI013,3758.4336
NCF30_CHUKWUDI010,164.28769
FDZ37_CHUKWUDI013,3568.5132
DRH59_CHUKWUDI010,560.0665
FDQ14_CHUKWUDI010,1575.7203
NCC06_CHUKWUDI046,5710.673
FDQ48_CHUKWUDI046,4869.066
FDV47_CHUKWUDI013,3381.997
FDZ33_CHUKWUDI035,6185.011
FDA50_CHUKWUDI049,3912.2585
FDZ20_CHUKWUDI035,9993.066
FDD32_CHUKWUDI013,3381.997
FDS04_CHUKWUDI013,5829.886
FDX35_CHUKWUDI017,8004.3584
FDK03_CHUKWUDI027,12863.241
FDL50_CHUKWUDI018,4562.949
DRF15_CHUKWUDI019,1025.1176
FDL34_CHUKWUDI018,5085.654
FDD44_CHUKWUDI017,10914.86
FDJ57_CHUKWUDI018,7828.3804
NCY54_CHUKWUDI035,6900.272
DRK11_CHUKWUDI018,5716.008
FDC44_CHUKWUDI049,4041.5134
NCF55_CHUKWUDI013,1701.6337
FDP23_CHUKWUDI045,9355.147
FDS25_CHUKWUDI046,4495.8438
NCJ06_CHUKWUDI017,4895.774
FDJ21_CHUKWUDI027,9758.915
NCU18_CHUKWUDI035,5445.4404
FDH34_CHUKWUDI027,12814.803
FDM27_CHUKWUDI018,5764.4966
FDN13_CHUKWUDI046,3478.2566
FDH19_CHUKWUDI046,7709.2114
FDX32_CHUKWUDI010,680.7628
FDV22_CHUKWUDI010,1121.2322
FDA20_CHUKWUDI018,6959.8184
NCP42_CHUKWUDI045,8219.746
FDU44_CHUKWUDI049,6384.685
FDR47_CHUKWUDI027,12343.6045
NCC31_CHUKWUDI010,978.78876
FDP25_CHUKWUDI027,15655.998
DRP47_CHUKWUDI017,8509.498
FDV25_CHUKWUDI045,8860.026
NCQ17_CHUKWUDI017,5825.9844
FDI24_CHUKWUDI019,1905.8188
FDE46_CHUKWUDI013,5952.665
FDS36_CHUKWUDI013,4797.6665
FDQ45_CHUKWUDI046,7717.75
FDG56_CHUKWUDI013,2837.6663
FDN56_CHUKWUDI049,5741.966
FDE36_CHUKWUDI027,5101.21
FDK45_CHUKWUDI017,5288.4766
FDT26_CHUKWUDI018,4260.134
FDW34_CHUKWUDI019,1385.7957
FDF34_CHUKWUDI045,8382.475
FDQ40_CHUKWUDI019,1246.2235
FDP59_CHUKWUDI046,4135.314
FDW19_CHUKWUDI046,4380.873
FDI14_CHUKWUDI045,5808.765
NCU42_CHUKWUDI017,7102.8735
FDA03_CHUKWUDI049,6014.653
FDR21_CHUKWUDI046,7190.62
DRK23_CHUKWUDI017,11775.921
FDF44_CHUKWUDI045,4897.0024
FDK28_CHUKWUDI027,15371.824
FDU45_CHUKWUDI019,715.00385
FDO39_CHUKWUDI045,7927.047
NCS30_CHUKWUDI017,4818.195
NCS42_CHUKWUDI049,3146.503
DRA12_CHUKWUDI045,5555.908
FDB17_CHUKWUDI045,7788.0146
NCV42_CHUKWUDI010,828.2072
NCW17_CHUKWUDI018,5071.1636
FDZ48_CHUKWUDI046,4933.241
FDN16_CHUKWUDI046,4498.3164
FDQ14_CHUKWUDI035,5957.0728
FDV45_CHUKWUDI046,8070.8037
FDU43_CHUKWUDI027,15552.254
FDZ31_CHUKWUDI049,7704.371
FDG57_CHUKWUDI010,290.30112
FDY33_CHUKWUDI019,1582.6681
FDS35_CHUKWUDI013,2674.8481
FDR48_CHUKWUDI013,6205.992
FDF32_CHUKWUDI045,8273.365
NCQ05_CHUKWUDI019,1453.1608
DRE37_CHUKWUDI046,7817.5586
FDI07_CHUKWUDI045,6400.7734
FDH46_CHUKWUDI013,3467.4377
FDD39_CHUKWUDI027,13801.122
FDT08_CHUKWUDI027,9689.26
FDH14_CHUKWUDI017,5993.7573
FDN45_CHUKWUDI027,14830.617
FDH35_CHUKWUDI017,7505.0103
DRF01_CHUKWUDI017,6416.545
DRI03_CHUKWUDI017,7071.44
FDR12_CHUKWUDI045,7788.0146
FDV14_CHUKWUDI013,3573.0374
FDG21_CHUKWUDI027,8659.5205
FDG46_CHUKWUDI019,715.00385
FDS31_CHUKWUDI045,7953.6797
FDQ28_CHUKWUDI013,5986.103
NCK18_CHUKWUDI045,6223.1104
FDB46_CHUKWUDI045,9260.182
NCA42_CHUKWUDI013,5932.371
FDX36_CHUKWUDI049,8752.489
FDZ38_CHUKWUDI019,1352.3218
FDQ57_CHUKWUDI035,6303.7827
NCT17_CHUKWUDI027,9553.912
FDB17_CHUKWUDI027,10977.486
FDY49_CHUKWUDI013,6511.4194
FDO25_CHUKWUDI027,11783.615
FDN57_CHUKWUDI035,5869.249
FDU51_CHUKWUDI017,8517.595
FDY22_CHUKWUDI046,6072.313
NCC18_CHUKWUDI046,6057.955
FDZ15_CHUKWUDI046,4996.8604
NCK42_CHUKWUDI045,8025.345
FDP03_CHUKWUDI049,4602.087
FDJ08_CHUKWUDI019,1671.1399
FDU46_CHUKWUDI013,3044.4011
FDZ33_CHUKWUDI010,894.9725
FDZ39_CHUKWUDI046,4720.3555
FDB29_CHUKWUDI018,3985.7312
FDE24_CHUKWUDI010,1085.5437
NCF30_CHUKWUDI018,3888.3018
NCR17_CHUKWUDI018,4361.546
DRN37_CHUKWUDI017,5738.1997
FDX27_CHUKWUDI046,3849.3066
FDL40_CHUKWUDI013,4040.9082
NCQ05_CHUKWUDI010,614.83325
DRJ24_CHUKWUDI049,8001.1284
FDG09_CHUKWUDI049,8003.1074
FDE22_CHUKWUDI035,6325.698
NCV06_CHUKWUDI018,6839.392
FDA52_CHUKWUDI049,6045.8945
FDF56_CHUKWUDI049,6830.403
FDP60_CHUKWUDI046,4733.3394
DRF15_CHUKWUDI018,5093.618
NCV05_CHUKWUDI046,6105.573
NCL19_CHUKWUDI049,5289.707
DRF23_CHUKWUDI046,8707.807
NCN14_CHUKWUDI027,13920.064
FDU19_CHUKWUDI046,7144.4155
FDR04_CHUKWUDI010,499.89594
FDM52_CHUKWUDI035,6790.0576
FDZ33_CHUKWUDI018,6682.411
FDB60_CHUKWUDI017,8650.905
FDI52_CHUKWUDI013,5198.6016
NCI18_CHUKWUDI045,9128.083
FDW13_CHUKWUDI013,1828.5076
FDU56_CHUKWUDI046,7831.893
FDM15_CHUKWUDI046,5664.652
NCP06_CHUKWUDI010,837.66766
FDU04_CHUKWUDI019,950.7144
NCH07_CHUKWUDI019,1073.5421
FDH26_CHUKWUDI013,4968.8237
FDS28_CHUKWUDI013,2629.1782
NCT06_CHUKWUDI035,6509.2314
NCC18_CHUKWUDI017,7816.225
FDT13_CHUKWUDI046,7743.331
FDA21_CHUKWUDI018,6508.581
FDZ55_CHUKWUDI027,9510.159
FDZ32_CHUKWUDI013,4123.715
FDW02_CHUKWUDI013,5273.1646
FDV46_CHUKWUDI013,5985.168
FDV11_CHUKWUDI035,6947.478
FDX21_CHUKWUDI049,4649.737
DRC13_CHUKWUDI018,4327.1836
FDY49_CHUKWUDI019,1681.1134
FDR22_CHUKWUDI046,4697.1343
FDO36_CHUKWUDI019,1905.8188
DRK47_CHUKWUDI045,9028.28
FDZ58_CHUKWUDI019,884.69507
FDP03_CHUKWUDI046,4618.2827
FDV03_CHUKWUDI027,9810.139
FDF12_CHUKWUDI013,5483.6675
DRG03_CHUKWUDI018,6339.5127
FDP32_CHUKWUDI049,5184.058
FDZ36_CHUKWUDI017,6984.9697
FDH10_CHUKWUDI017,5573.2554
FDM10_CHUKWUDI027,14141.866
FDM60_CHUKWUDI013,2299.0842
FDI60_CHUKWUDI013,2624.4446
FDS50_CHUKWUDI045,8579.869
FDJ08_CHUKWUDI049,7718.3296
FDT19_CHUKWUDI045,8337.858
FDX45_CHUKWUDI018,6097.5425
FDL26_CHUKWUDI027,9217.998
FDK44_CHUKWUDI035,6000.822
FDE11_CHUKWUDI018,6077.965
DRC24_CHUKWUDI017,6120.4644
FDO13_CHUKWUDI013,5999.9053
FDW03_CHUKWUDI013,4534.475
FDG40_CHUKWUDI010,106.71185
FDS14_CHUKWUDI045,6425.8247
FDK58_CHUKWUDI013,3902.7368
FDV01_CHUKWUDI049,6456.662
NCB31_CHUKWUDI019,756.9214
FDN04_CHUKWUDI045,8640.012
NCE42_CHUKWUDI035,11590.557
FDI48_CHUKWUDI013,2648.715
NCW53_CHUKWUDI019,2062.4773
DRD24_CHUKWUDI018,4719.9526
FDD26_CHUKWUDI045,7095.703
FDM58_CHUKWUDI046,4620.5054
FDA44_CHUKWUDI010,483.7583
FDW36_CHUKWUDI049,3511.6577
FDZ31_CHUKWUDI018,5813.3037
FDU47_CHUKWUDI045,5316.804
FDT03_CHUKWUDI027,12194.994
FDJ20_CHUKWUDI049,5398.912
FDL13_CHUKWUDI017,10550.953
FDJ55_CHUKWUDI027,16747.71
FDU37_CHUKWUDI013,2667.5774
DRK37_CHUKWUDI046,7719.818
FDE57_CHUKWUDI049,5887.8887
NCK29_CHUKWUDI019,701.85364
FDB04_CHUKWUDI013,3285.8994
FDZ59_CHUKWUDI010,1644.0568
NCV17_CHUKWUDI035,6100.088
FDK38_CHUKWUDI049,6142.7085
FDT32_CHUKWUDI049,7787.5425
FDU22_CHUKWUDI017,5084.85
FDZ23_CHUKWUDI049,9887.6
FDR48_CHUKWUDI027,9686.557
DRN36_CHUKWUDI046,4422.2397
FDY15_CHUKWUDI019,821.7161
DRF01_CHUKWUDI019,1032.8278
FDC59_CHUKWUDI010,276.33917
FDQ11_CHUKWUDI019,2751.1086
FDK10_CHUKWUDI018,6295.6904
FDU59_CHUKWUDI049,6034.6914
FDV19_CHUKWUDI019,1518.6259
FDD41_CHUKWUDI013,4355.5825
NCU41_CHUKWUDI046,10016.865
FDQ21_CHUKWUDI049,4947.2754
FDN57_CHUKWUDI049,5778.4395
FDQ16_CHUKWUDI013,4749.8877
NCW17_CHUKWUDI035,5701.7397
FDJ44_CHUKWUDI049,7537.212
DRE60_CHUKWUDI049,9211.037
DRL60_CHUKWUDI035,6068.6245
FDC09_CHUKWUDI013,4003.7324
FDK52_CHUKWUDI049,13437.3545
FDD36_CHUKWUDI010,824.65186
FDS14_CHUKWUDI017,5538.213
NCD07_CHUKWUDI017,4272.2695
NCI29_CHUKWUDI046,5027.872
FDO44_CHUKWUDI013,4447.62
FDS08_CHUKWUDI046,7644.2256
NCC54_CHUKWUDI035,12117.656
FDH14_CHUKWUDI010,656.92596
FDF16_CHUKWUDI046,5791.1978
FDU52_CHUKWUDI018,5790.6577
FDK38_CHUKWUDI017,5906.4585
DRL35_CHUKWUDI010,-104.888504
FDG58_CHUKWUDI035,6114.101
FDW52_CHUKWUDI027,9086.057
FDD46_CHUKWUDI013,5828.681
FDD56_CHUKWUDI017,8127.878
FDD22_CHUKWUDI018,4452.433
FDI41_CHUKWUDI045,6559.425
FDZ16_CHUKWUDI017,7012.057
FDR16_CHUKWUDI035,8187.3696
NCN26_CHUKWUDI010,895.738
FDZ39_CHUKWUDI018,4506.2925
NCD06_CHUKWUDI013,2036.9957
FDT49_CHUKWUDI049,3308.6658
FDR35_CHUKWUDI027,10370.481
NCV29_CHUKWUDI019,1421.7836
NCB30_CHUKWUDI019,142.24936
NCM26_CHUKWUDI019,1690.5277
NCP43_CHUKWUDI046,7688.1904
FDG41_CHUKWUDI049,3481.1914
NCA29_CHUKWUDI017,6943.1167
FDJ46_CHUKWUDI035,7470.9053
FDJ21_CHUKWUDI017,6334.5513
NCM43_CHUKWUDI010,1065.0988
FDI32_CHUKWUDI049,4663.626
FDY34_CHUKWUDI049,6824.6353
DRI13_CHUKWUDI017,11309.686
FDH27_CHUKWUDI019,920.2734
NCN43_CHUKWUDI010,749.22284
FDM15_CHUKWUDI018,5137.162
FDH47_CHUKWUDI049,3523.7656
NCO18_CHUKWUDI046,8095.923
FDJ46_CHUKWUDI046,7206.977
FDV45_CHUKWUDI049,7715.6543
FDV08_CHUKWUDI013,2021.4558
FDX48_CHUKWUDI017,5978.221
FDZ58_CHUKWUDI049,4833.103
FDV31_CHUKWUDI045,7021.4214
FDO13_CHUKWUDI017,6159.15
FDZ58_CHUKWUDI018,3959.9734
FDM24_CHUKWUDI035,5532.292
FDT59_CHUKWUDI035,9708.92
FDN04_CHUKWUDI018,5251.98
FDE36_CHUKWUDI049,7296.3896
FDT39_CHUKWUDI045,5969.1714
NCE06_CHUKWUDI027,11774.63
FDB08_CHUKWUDI049,6004.437
NCL19_CHUKWUDI046,6834.1523
NCX42_CHUKWUDI045,6087.244
FDD34_CHUKWUDI045,6405.2417
FDS16_CHUKWUDI045,6270.3267
FDU19_CHUKWUDI017,6959.496
FDR02_CHUKWUDI018,4209.1475
FDN10_CHUKWUDI018,4346.355
FDZ55_CHUKWUDI017,6127.7935
DRF23_CHUKWUDI010,1348.0154
FDN03_CHUKWUDI027,15837.501
FDR32_CHUKWUDI049,8321.299
NCB30_CHUKWUDI049,7330.688
NCO17_CHUKWUDI017,5035.911
FDC17_CHUKWUDI017,8971.892
FDZ60_CHUKWUDI018,4045.3538
NCF30_CHUKWUDI035,6092.8555
FDD21_CHUKWUDI013,4190.362
FDG02_CHUKWUDI019,747.3546
FDK38_CHUKWUDI027,9689.26
DRM35_CHUKWUDI035,7095.703
FDP34_CHUKWUDI049,6933.8857
FDW47_CHUKWUDI019,683.54565
FDB36_CHUKWUDI017,5329.55
FDS36_CHUKWUDI046,4358.352
FDN12_CHUKWUDI046,5240.049
FDL50_CHUKWUDI013,5135.689
FDP09_CHUKWUDI018,8965.532
FDQ52_CHUKWUDI027,19561.738
FDY15_CHUKWUDI017,6351.805
FDB46_CHUKWUDI049,9114.255
FDY39_CHUKWUDI049,8151.7417
DRL11_CHUKWUDI018,5905.1777
FDJ48_CHUKWUDI027,13750.697
FDQ57_CHUKWUDI027,8445.345
FDZ56_CHUKWUDI027,9849.374
NCE07_CHUKWUDI018,5023.7915
FDZ07_CHUKWUDI010,475.7166
DRI23_CHUKWUDI018,6108.112
DRD25_CHUKWUDI049,3799.3062
FDX45_CHUKWUDI045,6407.082
FDB02_CHUKWUDI027,13599.295
FDP49_CHUKWUDI013,2844.937
NCK18_CHUKWUDI027,10626.056
FDX08_CHUKWUDI046,7280.6357
FDY01_CHUKWUDI018,3576.2114
FDS33_CHUKWUDI049,2882.8228
FDT60_CHUKWUDI019,779.7439
NCY30_CHUKWUDI035,8197.515
NCW06_CHUKWUDI045,8391.483
FDU14_CHUKWUDI027,17630.27
FDX57_CHUKWUDI013,4285.676
NCR53_CHUKWUDI035,8062.968
FDU28_CHUKWUDI018,6896.757
FDC33_CHUKWUDI027,13451.079
DRG51_CHUKWUDI017,6898.9614
FDR51_CHUKWUDI045,6367.7383
FDY43_CHUKWUDI018,6809.2563
FDP44_CHUKWUDI049,3427.0906
FDO22_CHUKWUDI013,3210.7869
DRH51_CHUKWUDI013,2985.1729
FDA33_CHUKWUDI017,6039.436
FDN23_CHUKWUDI045,5817.841
FDQ55_CHUKWUDI018,4552.842
NCY54_CHUKWUDI046,6686.0024
FDD52_CHUKWUDI013,4001.9548
FDZ35_CHUKWUDI049,2973.961
FDS31_CHUKWUDI019,1753.0232
FDW33_CHUKWUDI049,3908.676
DRH03_CHUKWUDI046,3837.9543
FDB23_CHUKWUDI027,7903.061
FDS07_CHUKWUDI017,4470.6055
FDA10_CHUKWUDI017,5992.1787
FDL26_CHUKWUDI049,6534.627
FDB45_CHUKWUDI013,4112.288
FDW47_CHUKWUDI046,5064.2847
FDI34_CHUKWUDI017,9711.428
FDZ52_CHUKWUDI017,4354.557
NCV06_CHUKWUDI017,8024.4595
FDZ12_CHUKWUDI046,5727.4375
FDR22_CHUKWUDI018,4483.0713
NCD31_CHUKWUDI017,6700.0786
FDP37_CHUKWUDI018,4032.0232
FDF58_CHUKWUDI010,186.28656
FDR32_CHUKWUDI027,18163.982
NCP14_CHUKWUDI018,2599.5806
FDX49_CHUKWUDI017,8247.221
NCK42_CHUKWUDI017,9034.234
FDU57_CHUKWUDI045,5882.3184
FDK28_CHUKWUDI017,8108.49
FDK27_CHUKWUDI017,6010.027
DRH13_CHUKWUDI046,4613.149
DRL23_CHUKWUDI049,3658.007
DRZ11_CHUKWUDI018,4175.0674
FDP46_CHUKWUDI013,3933.2031
NCN43_CHUKWUDI049,5106.2144
FDJ12_CHUKWUDI017,9303.411
FDD21_CHUKWUDI049,4674.4854
DRI51_CHUKWUDI027,9663.401
FDK02_CHUKWUDI017,5229.7524
NCZ41_CHUKWUDI013,5624.167
FDB37_CHUKWUDI035,10944.561
DRE03_CHUKWUDI010,407.42923
NCC06_CHUKWUDI049,5152.939
FDN21_CHUKWUDI049,6457.9346
FDC04_CHUKWUDI027,14956.86
FDY22_CHUKWUDI018,5533.391
NCG43_CHUKWUDI010,387.76758
DRZ11_CHUKWUDI049,4162.217
FDR22_CHUKWUDI010,818.756
NCF43_CHUKWUDI045,5225.3574
FDG57_CHUKWUDI013,2207.0845
FDH38_CHUKWUDI017,4811.0054
FDE22_CHUKWUDI045,6325.698
FDR31_CHUKWUDI019,793.61743
FDT34_CHUKWUDI049,4040.3748
FDT51_CHUKWUDI010,300.30554
FDB36_CHUKWUDI045,5459.0728
FDJ15_CHUKWUDI027,10733.386
FDZ16_CHUKWUDI027,9078.725
FDC38_CHUKWUDI045,5754.677
NCW29_CHUKWUDI019,-336.13434
FDC26_CHUKWUDI010,1198.9995
FDG45_CHUKWUDI017,8506.173
NCL55_CHUKWUDI045,12665.795
FDF56_CHUKWUDI035,7244.167
FDA34_CHUKWUDI027,11411.598
NCV41_CHUKWUDI018,4278.481
FDM39_CHUKWUDI027,9418.875
FDV01_CHUKWUDI045,6308.8984
NCA42_CHUKWUDI045,5830.6235
NCG43_CHUKWUDI046,4382.249
FDT57_CHUKWUDI027,16095.732
NCQ38_CHUKWUDI013,3811.814
FDS11_CHUKWUDI017,9179.989
FDM58_CHUKWUDI049,3702.2634
DRH37_CHUKWUDI035,6309.2417
FDA33_CHUKWUDI049,6601.2007
NCT42_CHUKWUDI046,5536.43
FDI52_CHUKWUDI018,3253.2603
DRG03_CHUKWUDI010,1153.3596
FDS44_CHUKWUDI027,18062.197
FDU40_CHUKWUDI018,6866.3066
NCZ18_CHUKWUDI019,1127.5231
FDJ58_CHUKWUDI018,6268.9927
FDK25_CHUKWUDI049,6387.1104
NCM31_CHUKWUDI045,5068.196
FDU23_CHUKWUDI013,7615.068
FDP25_CHUKWUDI017,11309.686
NCY41_CHUKWUDI010,34.1649
FDS10_CHUKWUDI017,8013.6973
FDO57_CHUKWUDI045,4190.6875
FDH19_CHUKWUDI018,6685.597
FDV02_CHUKWUDI049,7495.8486
NCL30_CHUKWUDI035,5056.2603
FDV35_CHUKWUDI018,6596.7637
FDU26_CHUKWUDI018,4474.1885
FDT37_CHUKWUDI019,3777.2297
FDZ48_CHUKWUDI019,942.9427
FDE33_CHUKWUDI013,3141.183
NCH07_CHUKWUDI045,6492.648
FDA50_CHUKWUDI013,4379.5464
FDP26_CHUKWUDI013,2765.6226
FDT28_CHUKWUDI035,6239.192
FDX07_CHUKWUDI035,6634.583
FDQ15_CHUKWUDI010,199.86769
FDR28_CHUKWUDI018,6753.5737
FDB59_CHUKWUDI049,7307.12
FDB38_CHUKWUDI018,6843.62
DRG48_CHUKWUDI045,6084.808
DRD27_CHUKWUDI049,3838.4226
FDW49_CHUKWUDI045,7428.344
FDS56_CHUKWUDI017,8363.8
NCS05_CHUKWUDI013,5641.0737
NCN07_CHUKWUDI049,5362.718
FDL32_CHUKWUDI019,1274.916
FDA45_CHUKWUDI018,3609.2507
DRJ49_CHUKWUDI035,4823.7236
FDI45_CHUKWUDI046,6347.4204
DRF13_CHUKWUDI045,5900.647
FDS32_CHUKWUDI035,5701.7397
NCW53_CHUKWUDI049,10142.24
NCZ18_CHUKWUDI035,9073.06
FDL38_CHUKWUDI013,3726.2625
FDO21_CHUKWUDI035,10624.336
FDL20_CHUKWUDI046,4203.2295
FDP20_CHUKWUDI013,5320.1934
FDD09_CHUKWUDI045,10421.472
FDB40_CHUKWUDI018,6315.0312
FDX09_CHUKWUDI019,1589.1101
FDL09_CHUKWUDI035,7424.1885
FDB40_CHUKWUDI027,9761.756
FDW50_CHUKWUDI018,6696.406
NCT06_CHUKWUDI019,1586.6389
NCM55_CHUKWUDI049,7543.81
FDD26_CHUKWUDI046,7561.662
FDB56_CHUKWUDI035,7250.5195
NCC07_CHUKWUDI049,3601.3523
NCP54_CHUKWUDI049,4877.301
FDX22_CHUKWUDI045,11275.43
FDO52_CHUKWUDI018,5501.0127
NCH43_CHUKWUDI045,7584.151
FDP27_CHUKWUDI018,8655.022
NCT17_CHUKWUDI017,9605.272
FDV39_CHUKWUDI018,6512.0083
NCO53_CHUKWUDI049,8184.776
FDV46_CHUKWUDI046,5930.143
FDQ25_CHUKWUDI010,3219.555
NCW53_CHUKWUDI027,11737.889
FDX43_CHUKWUDI045,6638.3784
FDR48_CHUKWUDI017,5656.0767
FDE17_CHUKWUDI049,5988.935
FDP34_CHUKWUDI018,6340.5396
FDD33_CHUKWUDI045,12635.461
FDM28_CHUKWUDI046,7959.385
FDC22_CHUKWUDI046,7822.7173
FDL51_CHUKWUDI045,9111.07
NCG42_CHUKWUDI049,5010.696
FDY31_CHUKWUDI017,6188.7573
FDZ38_CHUKWUDI046,7979.362
FDK22_CHUKWUDI027,11595.273
FDI45_CHUKWUDI018,6971.5767
FDX27_CHUKWUDI049,3563.7
DRE49_CHUKWUDI010,1151.3175
FDN60_CHUKWUDI017,5132.7163
FDR16_CHUKWUDI018,8888.073
DRJ35_CHUKWUDI013,2648.715
FDG53_CHUKWUDI017,5242.1416
FDY24_CHUKWUDI013,2437.373
NCP43_CHUKWUDI019,1249.8817
FDQ40_CHUKWUDI046,7144.644
FDA51_CHUKWUDI013,3942.6836
FDK43_CHUKWUDI013,5506.439
FDL21_CHUKWUDI013,2299.0842
FDB53_CHUKWUDI027,8283.086
FDG05_CHUKWUDI027,9851.36
FDX48_CHUKWUDI010,949.5844
FDE35_CHUKWUDI010,625.8527
FDU04_CHUKWUDI049,4158.973
FDY39_CHUKWUDI018,6837.7236
DRM35_CHUKWUDI027,14949.105
FDW34_CHUKWUDI035,10633.4
FDK02_CHUKWUDI018,4117.4595
FDW01_CHUKWUDI019,1660.9662
NCC18_CHUKWUDI010,654.6846
FDS43_CHUKWUDI027,13437.058
FDZ45_CHUKWUDI018,6618.89
DRD37_CHUKWUDI010,260.70477
FDJ02_CHUKWUDI035,6431.424
FDE24_CHUKWUDI035,7190.0957
FDC26_CHUKWUDI018,4518.4263
FDT14_CHUKWUDI013,4630.419
FDL33_CHUKWUDI035,8076.197
NCD18_CHUKWUDI035,11622.675
FDF20_CHUKWUDI045,7950.4507
DRJ01_CHUKWUDI010,1267.2002
DRF03_CHUKWUDI013,1951.5203
FDX47_CHUKWUDI019,1097.7457
FDS32_CHUKWUDI045,5891.1816
FDG58_CHUKWUDI017,6118.4717
FDI22_CHUKWUDI019,1471.1414
FDQ23_CHUKWUDI013,3205.2158
FDI44_CHUKWUDI013,2789.675
FDA37_CHUKWUDI018,4044.8838
FDY15_CHUKWUDI045,6351.805
FDK33_CHUKWUDI045,10626.889
NCO17_CHUKWUDI046,4662.3735
DRJ37_CHUKWUDI027,10306.765
FDP45_CHUKWUDI017,9995.492
DRB24_CHUKWUDI035,6068.6245
FDR08_CHUKWUDI049,4447.3306
FDG60_CHUKWUDI035,9381.227
FDS12_CHUKWUDI018,4622.5776
FDT01_CHUKWUDI049,8203.604
FDU46_CHUKWUDI010,188.61795
FDX19_CHUKWUDI035,10194.448
FDX35_CHUKWUDI019,1709.949
FDS13_CHUKWUDI017,8354.277
FDW57_CHUKWUDI045,8780.008
DRF23_CHUKWUDI027,11877.667
FDP48_CHUKWUDI046,8358.244
FDH35_CHUKWUDI010,1907.6334
FDK38_CHUKWUDI018,5634.2554
FDZ01_CHUKWUDI046,4059.9656
NCO26_CHUKWUDI013,4812.755
FDF52_CHUKWUDI019,1830.5941
FDI57_CHUKWUDI027,13201.272
FDK25_CHUKWUDI035,5782.2593
FDV38_CHUKWUDI010,719.8619
FDX33_CHUKWUDI017,6053.9854
FDD38_CHUKWUDI046,4614.498
FDY19_CHUKWUDI049,4641.8867
FDS20_CHUKWUDI017,8713.494
FDR21_CHUKWUDI027,11529.237
FDR44_CHUKWUDI035,4953.2305
FDQ57_CHUKWUDI019,845.89746
FDF47_CHUKWUDI017,8855.343
NCL55_CHUKWUDI035,13307.929
FDS33_CHUKWUDI013,3071.7803
FDR44_CHUKWUDI010,514.80133
FDK20_CHUKWUDI049,5270.5063
DRA12_CHUKWUDI017,5210.156
NCV54_CHUKWUDI046,4860.8687
NCJ42_CHUKWUDI046,3627.355
FDG35_CHUKWUDI018,4183.699
FDB45_CHUKWUDI018,3843.2
DRK11_CHUKWUDI019,1196.592
FDV51_CHUKWUDI013,7564.133
NCG54_CHUKWUDI027,9362.539
FDQ33_CHUKWUDI035,6497.0186
FDJ44_CHUKWUDI045,7245.857
NCP05_CHUKWUDI017,6567.443
FDZ52_CHUKWUDI018,4043.5679
NCA18_CHUKWUDI010,820.9836
FDO40_CHUKWUDI017,6802.3125
DRK59_CHUKWUDI027,12955.139
FDL39_CHUKWUDI018,6267.184
NCI42_CHUKWUDI027,13254.573
FDO12_CHUKWUDI035,9822.209
FDO57_CHUKWUDI018,3832.2568
FDQ32_CHUKWUDI049,5456.745
FDE08_CHUKWUDI027,9810.139
NCL54_CHUKWUDI045,7588.0776
FDD23_CHUKWUDI049,7330.462
NCS29_CHUKWUDI017,4022.1848
FDV39_CHUKWUDI035,6725.7065
FDV57_CHUKWUDI027,14269.471
FDF56_CHUKWUDI045,7177.5923
FDS43_CHUKWUDI017,7652.023
NCT54_CHUKWUDI049,2976.414
FDX15_CHUKWUDI027,9107.7
FDR47_CHUKWUDI018,9107.632
FDA07_CHUKWUDI049,5090.7188
NCP06_CHUKWUDI049,7020.0044
FDJ10_CHUKWUDI049,6153.7275
FDC52_CHUKWUDI045,5942.459
DRH03_CHUKWUDI010,276.33917
FDE46_CHUKWUDI046,6465.9253
FDF10_CHUKWUDI018,5872.7573
NCL31_CHUKWUDI046,5331.964
DRK13_CHUKWUDI049,8567.163
FDA15_CHUKWUDI045,11584.173
FDU36_CHUKWUDI046,4033.1614
FDH44_CHUKWUDI010,781.8286
FDN34_CHUKWUDI035,6907.0444
FDW55_CHUKWUDI027,17110.328
FDO28_CHUKWUDI019,840.40845
FDS55_CHUKWUDI049,6354.3203
NCC18_CHUKWUDI035,7816.225
NCM06_CHUKWUDI017,6460.6616
FDE16_CHUKWUDI017,10270.677
FDP24_CHUKWUDI049,4217.3823
FDS48_CHUKWUDI013,6854.4873
FDG32_CHUKWUDI045,9354.31
FDX27_CHUKWUDI013,3963.2212
NCH30_CHUKWUDI049,3825.4712
DRF01_CHUKWUDI027,9042.051
FDT14_CHUKWUDI046,4720.297
NCU05_CHUKWUDI010,612.54065
FDI10_CHUKWUDI049,7595.1636
FDU23_CHUKWUDI045,7124.042
DRF49_CHUKWUDI019,1036.4684
DRE25_CHUKWUDI049,3067.559
FDA07_CHUKWUDI010,919.9306
NCO42_CHUKWUDI017,5739.4937
FDJ04_CHUKWUDI049,5089.6216
FDV51_CHUKWUDI018,7155.8413
FDU19_CHUKWUDI027,11761.707
FDH56_CHUKWUDI049,4343.4966
DRM23_CHUKWUDI035,6374.3296
NCM41_CHUKWUDI013,4060.9568
FDR48_CHUKWUDI049,5146.3657
FDY03_CHUKWUDI019,909.81244
FDE09_CHUKWUDI049,3525.4128
FDV60_CHUKWUDI049,8172.365
FDQ37_CHUKWUDI035,8232.258
FDA28_CHUKWUDI010,776.59314
FDY01_CHUKWUDI049,4739.008
FDA14_CHUKWUDI019,1513.2699
FDT34_CHUKWUDI046,4346.11
FDS16_CHUKWUDI018,5901.8975
FDH17_CHUKWUDI049,4135.303
FDY09_CHUKWUDI019,1657.3085
NCY30_CHUKWUDI045,7388.2305
FDW19_CHUKWUDI049,4706.707
FDH41_CHUKWUDI019,1712.0087
DRL11_CHUKWUDI045,5846.761
FDN38_CHUKWUDI035,9963.903
FDC57_CHUKWUDI018,6546.0347
FDH38_CHUKWUDI046,4296.7065
FDA34_CHUKWUDI049,8066.6104
FDA35_CHUKWUDI017,5208.978
FDL33_CHUKWUDI045,9094.876
FDN01_CHUKWUDI019,1818.9365
FDW43_CHUKWUDI017,11300.042
NCM26_CHUKWUDI017,7068.389
FDU07_CHUKWUDI045,5789.095
FDE36_CHUKWUDI035,6769.252
FDL26_CHUKWUDI017,6407.082
FDU38_CHUKWUDI017,7566.2544
FDL24_CHUKWUDI027,13129.881
FDY55_CHUKWUDI027,14263.78
FDZ21_CHUKWUDI049,3726.7444
FDT24_CHUKWUDI013,2623.9575
FDO32_CHUKWUDI013,1806.7911
DRC12_CHUKWUDI035,7459.0386
FDL10_CHUKWUDI049,3190.6208
NCB43_CHUKWUDI017,8054.685
FDS46_CHUKWUDI049,5115.402
FDN32_CHUKWUDI035,8485.14
DRI59_CHUKWUDI027,12306.7295
FDP11_CHUKWUDI017,8021.499
FDQ52_CHUKWUDI035,12629.698
FDK26_CHUKWUDI045,8010.626
FDQ27_CHUKWUDI049,4010.3645
FDP24_CHUKWUDI017,5109.5493
FDB29_CHUKWUDI049,3344.0786
NCM05_CHUKWUDI019,2067.2598
NCA05_CHUKWUDI013,7031.8013
NCJ06_CHUKWUDI013,5180.795
FDZ33_CHUKWUDI019,1196.2219
FDQ34_CHUKWUDI046,4976.117
FDK20_CHUKWUDI018,4562.949
FDV26_CHUKWUDI018,7509.2417
DRK11_CHUKWUDI035,6110.4365
FDQ37_CHUKWUDI027,14584.4795
FDU15_CHUKWUDI013,2004.085
DRM23_CHUKWUDI010,1135.2827
FDL44_CHUKWUDI027,9026.616
FDS04_CHUKWUDI010,1592.4052
FDF14_CHUKWUDI035,5684.557
FDS15_CHUKWUDI046,4310.6484
NCB42_CHUKWUDI017,5015.1616
FDV07_CHUKWUDI049,4384.6763
FDP51_CHUKWUDI019,450.5978
FDP23_CHUKWUDI027,9368.248
FDJ15_CHUKWUDI046,7692.509
FDO36_CHUKWUDI027,11922.388
FDQ10_CHUKWUDI049,7638.901
FDK32_CHUKWUDI049,6586.8955
FDC03_CHUKWUDI049,8273.818
FDT01_CHUKWUDI017,7826.3403
FDV45_CHUKWUDI018,7898.33
FDT58_CHUKWUDI017,6242.186
NCT29_CHUKWUDI019,840.40845
NCG07_CHUKWUDI027,14379.854
FDL22_CHUKWUDI013,3803.9487
NCX05_CHUKWUDI019,958.0726
FDL51_CHUKWUDI018,7040.2183
NCS53_CHUKWUDI019,1539.415
NCQ43_CHUKWUDI049,4325.6626
NCS29_CHUKWUDI019,1790.1187
DRJ24_CHUKWUDI017,7817.5586
FDU48_CHUKWUDI017,5084.048
FDX11_CHUKWUDI045,8629.366
DRL01_CHUKWUDI017,10495.402
DRH25_CHUKWUDI010,322.54303
DRM59_CHUKWUDI019,1641.3295
NCS42_CHUKWUDI046,3465.5674
FDY31_CHUKWUDI018,6107.315
FDI14_CHUKWUDI049,5940.532
NCP30_CHUKWUDI013,2030.7058
FDO34_CHUKWUDI017,7982.329
FDS12_CHUKWUDI019,497.02322
NCC18_CHUKWUDI049,7500.3384
FDH12_CHUKWUDI049,3856.2185
DRH13_CHUKWUDI018,4701.1104
FDV57_CHUKWUDI049,8286.714
NCP05_CHUKWUDI010,857.43286
FDW26_CHUKWUDI049,8982.301
FDV57_CHUKWUDI046,7645.213
NCB54_CHUKWUDI013,5317.9453
DRD25_CHUKWUDI019,1151.5138
FDX32_CHUKWUDI018,3798.0835
NCE55_CHUKWUDI017,6664.908
DRI47_CHUKWUDI018,6454.2793
FDR47_CHUKWUDI049,8415.319
DRJ01_CHUKWUDI018,6171.222
FDG08_CHUKWUDI045,7054.3237
FDO46_CHUKWUDI017,8158.5176
FDL44_CHUKWUDI045,6829.9136
NCB55_CHUKWUDI013,2750.6135
NCW42_CHUKWUDI027,14521.064
FDJ52_CHUKWUDI017,6050.095
NCA41_CHUKWUDI046,9660.264
FDI52_CHUKWUDI049,4191.0312
NCB43_CHUKWUDI035,8054.685
FDY31_CHUKWUDI049,6112.8823
FDF22_CHUKWUDI018,10562.98
FDU14_CHUKWUDI045,10425.404
FDA32_CHUKWUDI017,9691.262
FDD50_CHUKWUDI035,7503.5244
FDR36_CHUKWUDI013,1882.8638
FDT26_CHUKWUDI046,4429.1016
FDZ03_CHUKWUDI046,8134.7163
FDG16_CHUKWUDI049,11670.738
NCA05_CHUKWUDI019,1266.857
FDY27_CHUKWUDI046,7294.6084
FDZ03_CHUKWUDI049,8162.143
FDS15_CHUKWUDI049,4274.71
FDN21_CHUKWUDI035,7237.985
DRH37_CHUKWUDI049,6682.9053
FDV35_CHUKWUDI049,6958.412
DRF25_CHUKWUDI013,1702.5397
FDG20_CHUKWUDI046,6563.529
FDV46_CHUKWUDI049,6083.7275
FDA07_CHUKWUDI013,5274.8174
FDD46_CHUKWUDI045,5991.5254
FDX23_CHUKWUDI013,3715.3423
FDB35_CHUKWUDI013,3902.7368
FDA02_CHUKWUDI018,5945.2627
FDI34_CHUKWUDI045,12109.435
NCI06_CHUKWUDI049,8000.0703
FDO13_CHUKWUDI045,6159.15
FDO24_CHUKWUDI045,5626.1016
FDL14_CHUKWUDI035,6480.514
FDG16_CHUKWUDI045,11478.738
FDM12_CHUKWUDI035,9782.776
FDC03_CHUKWUDI035,7749.2983
FDM15_CHUKWUDI045,5565.6665
FDN04_CHUKWUDI035,8640.012
NCR53_CHUKWUDI019,899.31506
FDW11_CHUKWUDI013,2648.715
FDK08_CHUKWUDI013,3537.491
NCR30_CHUKWUDI013,2924.1855
FDA19_CHUKWUDI010,1050.5232
NCU29_CHUKWUDI046,6066.999
FDX01_CHUKWUDI049,4447.3823
FDF35_CHUKWUDI013,2585.9976
FDN04_CHUKWUDI017,8640.012
FDV01_CHUKWUDI019,1433.1448
FDA56_CHUKWUDI013,5114.1436
FDW27_CHUKWUDI019,1464.8965
NCK29_CHUKWUDI017,4817.239
FDL48_CHUKWUDI013,2802.088
FDX31_CHUKWUDI017,11803.364
FDV04_CHUKWUDI049,5721.794
FDO34_CHUKWUDI045,8039.382
FDS34_CHUKWUDI017,4368.7227
FDL40_CHUKWUDI010,378.8374
DRA24_CHUKWUDI010,955.3181
FDM25_CHUKWUDI010,1899.6055
FDN08_CHUKWUDI018,4623.2446
FDD05_CHUKWUDI049,5362.718
FDL02_CHUKWUDI046,4026.9902
FDX07_CHUKWUDI027,15273.813
DRJ01_CHUKWUDI045,6046.217
FDD21_CHUKWUDI017,4616.2065
FDT57_CHUKWUDI035,10727.541
FDD53_CHUKWUDI010,242.94954
FDZ10_CHUKWUDI019,565.7976
FDI26_CHUKWUDI018,5900.8667
FDE34_CHUKWUDI046,7945.1553
FDV48_CHUKWUDI010,560.0665
FDT15_CHUKWUDI046,7942.831
FDQ39_CHUKWUDI049,8407.715
NCF43_CHUKWUDI049,5399.134
FDF40_CHUKWUDI035,7860.31
FDL20_CHUKWUDI019,1214.9205
FDW46_CHUKWUDI013,2837.6663
FDQ24_CHUKWUDI019,2574.4475
FDR34_CHUKWUDI045,9412.655
NCF31_CHUKWUDI045,6237.341
FDQ58_CHUKWUDI035,5941.149
FDT49_CHUKWUDI018,3788.7573
DRG13_CHUKWUDI013,6076.899
NCG55_CHUKWUDI013,4877.2637
FDW12_CHUKWUDI013,5700.703
FDY15_CHUKWUDI035,6351.805
FDY39_CHUKWUDI019,1665.4163
FDV51_CHUKWUDI027,9849.374
FDT40_CHUKWUDI013,4654.3945
FDV09_CHUKWUDI035,6094.057
FDO03_CHUKWUDI045,9847.402
FDG45_CHUKWUDI045,9228.031
DRF13_CHUKWUDI046,6488.246
FDZ21_CHUKWUDI010,55.43174
FDB56_CHUKWUDI049,7775.04
NCK42_CHUKWUDI027,12132.599
NCL19_CHUKWUDI013,6889.1772
NCZ06_CHUKWUDI019,-184.20114
NCS30_CHUKWUDI010,846.9784
FDG32_CHUKWUDI019,1862.1289
DRM23_CHUKWUDI017,7361.184
FDM14_CHUKWUDI046,4487.898
FDP09_CHUKWUDI049,9160.453
FDC50_CHUKWUDI046,4304.7324
FDP01_CHUKWUDI035,7117.0635
DRF01_CHUKWUDI013,6253.7007
FDU40_CHUKWUDI045,8486.224
FDI21_CHUKWUDI013,3162.2007
FDY31_CHUKWUDI035,6188.7573
NCM54_CHUKWUDI013,5112.7744
FDR52_CHUKWUDI019,2149.07
FDZ31_CHUKWUDI027,14196.628
FDM24_CHUKWUDI045,5593.556
NCR50_CHUKWUDI046,7134.69
NCU18_CHUKWUDI018,4631.453
FDK22_CHUKWUDI035,7831.279
DRB25_CHUKWUDI010,863.47235
FDL13_CHUKWUDI019,1920.0082
FDS02_CHUKWUDI019,808.391
FDR25_CHUKWUDI017,8309.836
NCQ29_CHUKWUDI019,2048.5176
FDE35_CHUKWUDI013,2773.7659
FDL02_CHUKWUDI049,3618.2288
FDA44_CHUKWUDI013,2968.4736
FDR27_CHUKWUDI018,4013.649
NCB30_CHUKWUDI045,7346.881
FDF16_CHUKWUDI013,5846.2227
FDF11_CHUKWUDI045,9515.096
NCW42_CHUKWUDI017,7133.4663
FDE05_CHUKWUDI013,6249.4297
FDG09_CHUKWUDI018,6160.696
FDY33_CHUKWUDI049,6933.8857
FDR46_CHUKWUDI046,6437.637
FDZ12_CHUKWUDI010,1296.615
FDB22_CHUKWUDI010,1279.5858
FDH19_CHUKWUDI019,1858.6062
FDW45_CHUKWUDI049,7231.5737
DRM37_CHUKWUDI018,10010.448
FDV37_CHUKWUDI049,8149.594
FDH57_CHUKWUDI035,5079.175
FDO24_CHUKWUDI027,8856.152
FDF35_CHUKWUDI049,2059.82
NCL30_CHUKWUDI046,5057.7495
FDF12_CHUKWUDI017,5642.912
NCT17_CHUKWUDI046,9605.272
FDU27_CHUKWUDI010,285.75125
FDD39_CHUKWUDI019,1001.09827
FDW57_CHUKWUDI049,8446.516
NCN14_CHUKWUDI019,1905.8188
FDX57_CHUKWUDI010,-47.832916
FDK33_CHUKWUDI018,9930.295
DRF36_CHUKWUDI049,8481.357
FDF12_CHUKWUDI018,5219.572
NCO29_CHUKWUDI018,8268.362
NCN05_CHUKWUDI035,7571.9565
NCU06_CHUKWUDI019,1401.2827
FDF52_CHUKWUDI017,7566.152
FDA08_CHUKWUDI045,6670.5825
FDA51_CHUKWUDI046,3887.6587
FDZ26_CHUKWUDI017,9454.968
FDX43_CHUKWUDI017,6638.3784
FDD40_CHUKWUDI045,7737.2104
FDP21_CHUKWUDI027,12383.091
FDG35_CHUKWUDI019,1714.0306
NCE43_CHUKWUDI017,7085.396
DRO47_CHUKWUDI010,1247.2965
FDJ46_CHUKWUDI018,6720.9907
DRM37_CHUKWUDI035,11437.298
FDJ55_CHUKWUDI049,9959.104
FDU48_CHUKWUDI035,5084.048
FDR43_CHUKWUDI010,245.05975
FDO25_CHUKWUDI018,8883.388
FDQ39_CHUKWUDI035,7908.8667
NCT53_CHUKWUDI019,2025.8408
DRK23_CHUKWUDI027,11659.152
FDJ52_CHUKWUDI035,6050.095
FDH44_CHUKWUDI046,6644.453
FDA08_CHUKWUDI046,7307.197
NCP54_CHUKWUDI018,4775.0767
FDA36_CHUKWUDI045,7069.5215
FDH26_CHUKWUDI045,4798.396
NCY18_CHUKWUDI027,12541.718
FDD47_CHUKWUDI010,1139.9064
NCO26_CHUKWUDI049,4429.409
DRF27_CHUKWUDI035,5870.596
FDJ21_CHUKWUDI013,6204.5938
FDZ44_CHUKWUDI019,984.2395
FDX26_CHUKWUDI045,6984.107
NCX42_CHUKWUDI035,6087.244
NCM29_CHUKWUDI045,5579.635
FDD14_CHUKWUDI049,8096.182
NCS18_CHUKWUDI046,4404.269
FDZ12_CHUKWUDI019,1317.6786
FDR28_CHUKWUDI049,6711.9224
FDO58_CHUKWUDI013,7199.862
NCS30_CHUKWUDI046,4857.318
FDI45_CHUKWUDI049,6331.2275
NCA17_CHUKWUDI045,7219.454
DRD37_CHUKWUDI013,2091.5427
FDR03_CHUKWUDI017,9945.368
FDU19_CHUKWUDI049,7128.2227
FDQ09_CHUKWUDI013,4437.728
FDM28_CHUKWUDI019,1444.6995
DRQ35_CHUKWUDI017,5079.175
FDF11_CHUKWUDI035,9515.096
FDH57_CHUKWUDI017,5079.175
NCN06_CHUKWUDI013,6082.9414
FDZ03_CHUKWUDI018,6145.459
FDZ51_CHUKWUDI010,717.06067
FDG35_CHUKWUDI046,4992.481
DRL11_CHUKWUDI049,5420.0864
DRZ24_CHUKWUDI046,5461.842
NCZ54_CHUKWUDI046,7662.9087
FDK55_CHUKWUDI013,4118.792
FDU27_CHUKWUDI013,1830.7188
NCZ06_CHUKWUDI017,10806.773
FDX31_CHUKWUDI045,9104.694
FDG53_CHUKWUDI010,840.50244
FDC47_CHUKWUDI019,1487.9238
FDN39_CHUKWUDI027,9849.374
FDY25_CHUKWUDI046,7942.831
FDA35_CHUKWUDI046,4781.986
FDT34_CHUKWUDI018,3934.2498
FDY03_CHUKWUDI046,4153.681
FDG50_CHUKWUDI013,3328.2554
FDA14_CHUKWUDI046,7143.943
FDX08_CHUKWUDI049,8086.146
NCN06_CHUKWUDI035,6387.0884
NCJ54_CHUKWUDI035,12697.017
FDX51_CHUKWUDI045,8441.609
FDL14_CHUKWUDI010,1224.2954
FDT21_CHUKWUDI045,11317.556
FDL43_CHUKWUDI013,3160.2993
FDT28_CHUKWUDI017,6239.192
FDX60_CHUKWUDI013,3004.052
NCX18_CHUKWUDI018,9110.3955
FDB22_CHUKWUDI027,9264.086
FDE45_CHUKWUDI046,8108.4956
FDU50_CHUKWUDI017,4364.003
DRF36_CHUKWUDI046,8330.721
DRN35_CHUKWUDI013,1767.8348
FDS46_CHUKWUDI019,909.4851
FDG17_CHUKWUDI017,7477.379
FDL57_CHUKWUDI045,9281.92
FDR46_CHUKWUDI027,9287.504
NCK54_CHUKWUDI017,4594.3003
FDJ26_CHUKWUDI045,8112.528
FDW01_CHUKWUDI027,10582.657
NCK18_CHUKWUDI035,6223.1104
FDQ49_CHUKWUDI046,6709.898
FDW49_CHUKWUDI035,7714.718
NCO42_CHUKWUDI027,9462.765
FDM10_CHUKWUDI045,7680.858
NCC42_CHUKWUDI049,5320.5137
FDD50_CHUKWUDI049,8104.9062
FDL09_CHUKWUDI027,8789.134
FDH35_CHUKWUDI049,7024.458
FDE36_CHUKWUDI018,4859.717
DRD12_CHUKWUDI013,3735.445
FDT60_CHUKWUDI018,4912.2563
FDI02_CHUKWUDI018,4395.445
FDA39_CHUKWUDI010,564.892
FDJ04_CHUKWUDI013,5333.0005
FDV19_CHUKWUDI018,6909.7173
NCP41_CHUKWUDI010,733.25287
FDO24_CHUKWUDI010,1240.3695
FDT11_CHUKWUDI046,7346.299
NCS54_CHUKWUDI010,1330.2673
NCN41_CHUKWUDI019,1067.2755
NCA30_CHUKWUDI046,8058.377
FDQ49_CHUKWUDI017,6772.239
FDV20_CHUKWUDI018,3771.4907
FDH57_CHUKWUDI010,963.49493
NCO05_CHUKWUDI013,4236.896
DRA24_CHUKWUDI017,6910.9
FDV44_CHUKWUDI046,8358.244
DRI03_CHUKWUDI018,7216.7256
FDH21_CHUKWUDI019,743.8545
NCR17_CHUKWUDI017,4829.1226
FDU34_CHUKWUDI018,3552.351
FDV12_CHUKWUDI013,4142.3667
FDK09_CHUKWUDI027,17181.268
FDV19_CHUKWUDI046,7262.984
FDX56_CHUKWUDI019,1517.9697
FDK26_CHUKWUDI019,1476.6492
FDH58_CHUKWUDI018,4782.7974
FDV20_CHUKWUDI049,5174.4463
FDW39_CHUKWUDI035,8523.909
DRM59_CHUKWUDI017,5078.544
FDT24_CHUKWUDI010,803.14966
FDR09_CHUKWUDI035,11492.808
FDI14_CHUKWUDI017,5808.765
FDS03_CHUKWUDI010,534.6227
DRK13_CHUKWUDI027,16360.151
FDQ14_CHUKWUDI049,6011.7905
FDU31_CHUKWUDI049,7815.0854
FDA28_CHUKWUDI035,5374.0117
NCQ06_CHUKWUDI017,11999.075
FDQ58_CHUKWUDI046,6307.694
FDR34_CHUKWUDI017,10428.831
NCX29_CHUKWUDI019,1068.1935
FDB27_CHUKWUDI045,7841.8433
FDE05_CHUKWUDI046,6156.3774
FDA33_CHUKWUDI035,6039.436
FDE11_CHUKWUDI019,1006.56665
FDL22_CHUKWUDI049,3503.3157
FDH17_CHUKWUDI013,4329.271
DRC25_CHUKWUDI010,995.77094
NCE43_CHUKWUDI027,10463.007
FDX26_CHUKWUDI027,6394.9673
FDG53_CHUKWUDI035,5371.6646
FDW52_CHUKWUDI013,6607.997
FDT48_CHUKWUDI018,7695.805
NCF30_CHUKWUDI017,6092.8555
DRI51_CHUKWUDI018,6908.148
FDB17_CHUKWUDI019,1407.6721
NCC31_CHUKWUDI035,6110.4365
DRA24_CHUKWUDI019,1936.3694
FDZ26_CHUKWUDI027,15237.342
FDC21_CHUKWUDI013,4125.6772
FDV01_CHUKWUDI027,9856.2705
FDX16_CHUKWUDI045,6542.074
FDA21_CHUKWUDI045,7652.023
NCT42_CHUKWUDI018,5734.319
FDJ32_CHUKWUDI013,2718.9802
FDX03_CHUKWUDI013,2217.1597
NCR50_CHUKWUDI027,10049.964
FDU02_CHUKWUDI019,1487.9238
NCI55_CHUKWUDI013,5657.817
FDQ16_CHUKWUDI049,3884.2427
FDM20_CHUKWUDI017,10452.076
FDE05_CHUKWUDI019,1253.2418
NCY54_CHUKWUDI049,7438.008
FDE32_CHUKWUDI013,2070.2065
FDY59_CHUKWUDI049,2326.838
FDO19_CHUKWUDI010,407.42923
FDG26_CHUKWUDI045,12440.683
FDV50_CHUKWUDI018,4370.5024
NCX05_CHUKWUDI013,5124.985
FDH53_CHUKWUDI010,639.2695
NCR05_CHUKWUDI035,7676.7593
FDZ48_CHUKWUDI018,3763.7476
FDC34_CHUKWUDI018,5854.676
FDR19_CHUKWUDI049,6412.158
DRJ01_CHUKWUDI046,6122.655
FDO36_CHUKWUDI035,7734.0723
FDH58_CHUKWUDI049,4821.516
FDH60_CHUKWUDI027,10424.4
FDI35_CHUKWUDI035,6879.197
NCI17_CHUKWUDI013,3895.8857
FDZ25_CHUKWUDI046,5718.9463
FDR11_CHUKWUDI045,5864.2686
FDU59_CHUKWUDI027,11080.248
FDW59_CHUKWUDI013,3210.7869
FDX26_CHUKWUDI017,9412.804
FDM09_CHUKWUDI046,6902.6055
FDG34_CHUKWUDI010,569.22107
FDT37_CHUKWUDI035,10470.859
FDY25_CHUKWUDI017,7942.831
NCV29_CHUKWUDI046,7788.0146
FDQ13_CHUKWUDI013,3044.4011
NCA41_CHUKWUDI049,9810.899
NCJ05_CHUKWUDI027,9422.402
FDC22_CHUKWUDI018,8096.7656
FDA03_CHUKWUDI035,6750.5684
FDX31_CHUKWUDI019,1317.6716
NCC19_CHUKWUDI035,7968.6914
NCZ54_CHUKWUDI010,288.81512
NCQ54_CHUKWUDI035,7279.393
FDN01_CHUKWUDI027,12462.41
FDP21_CHUKWUDI017,8513.061
FDH10_CHUKWUDI035,5573.2554
FDX25_CHUKWUDI017,10015.829
FDR23_CHUKWUDI019,1835.0747
FDQ58_CHUKWUDI045,6117.8813
FDX50_CHUKWUDI046,4161.195
FDM15_CHUKWUDI027,8979.248
FDZ59_CHUKWUDI018,5322.5195
FDP34_CHUKWUDI035,6558.0166
NCZ30_CHUKWUDI049,3968.385
FDS27_CHUKWUDI035,6469.2847
FDA46_CHUKWUDI045,7516.8247
FDS57_CHUKWUDI019,1242.2463
NCX06_CHUKWUDI027,10061.755
FDG02_CHUKWUDI017,8287.9795
FDW52_CHUKWUDI017,6117.978
FDI21_CHUKWUDI010,555.3291
NCH07_CHUKWUDI049,6464.3296
FDL28_CHUKWUDI035,9271.004
FDT60_CHUKWUDI017,5525.63
NCR41_CHUKWUDI046,4301.951
FDP24_CHUKWUDI046,5677.76
FDZ15_CHUKWUDI049,4126.9585
FDQ25_CHUKWUDI049,7855.406
NCI43_CHUKWUDI013,2191.2021
NCK29_CHUKWUDI013,4654.3945
FDX19_CHUKWUDI045,13149.083
NCT17_CHUKWUDI045,9605.272
DRA59_CHUKWUDI049,8111.284
FDN28_CHUKWUDI046,3813.575
FDS43_CHUKWUDI035,7652.023
FDE16_CHUKWUDI027,13511.461
FDW40_CHUKWUDI018,5899.3794
DRD25_CHUKWUDI010,919.6563
FDA56_CHUKWUDI046,5059.1187
FDP07_CHUKWUDI045,7564.795
FDW50_CHUKWUDI035,6307.911
FDI58_CHUKWUDI046,4000.2424
DRF48_CHUKWUDI045,8010.626
FDJ26_CHUKWUDI027,13986.794
FDS14_CHUKWUDI013,6350.84
FDB37_CHUKWUDI027,14658.697
FDM40_CHUKWUDI046,3965.7449
FDD26_CHUKWUDI035,7561.662
FDD03_CHUKWUDI017,10611.516
NCA05_CHUKWUDI049,6999.0303
FDS48_CHUKWUDI046,6799.4624
FDU51_CHUKWUDI045,7778.677
NCB06_CHUKWUDI013,6141.4595
FDS20_CHUKWUDI045,7283.8535
FDS27_CHUKWUDI019,1689.6025
FDT26_CHUKWUDI049,4143.4937
FDF44_CHUKWUDI035,4897.0024
FDD26_CHUKWUDI019,1729.7333
DRG37_CHUKWUDI018,6008.749
FDL14_CHUKWUDI049,6929.698
NCO54_CHUKWUDI013,2988.1697
NCJ05_CHUKWUDI017,6508.236
FDW31_CHUKWUDI017,7666.811
FDU23_CHUKWUDI018,7064.533
NCN43_CHUKWUDI013,5436.1743
DRG23_CHUKWUDI013,5408.913
FDC11_CHUKWUDI013,3191.4272
FDA04_CHUKWUDI027,12250.301
DRA12_CHUKWUDI013,5607.403
FDC56_CHUKWUDI018,4709.743
DRI59_CHUKWUDI017,9453.376
FDA22_CHUKWUDI035,6650.06
FDA21_CHUKWUDI046,7652.023
FDA32_CHUKWUDI019,1422.4736
FDA10_CHUKWUDI049,5454.7627
NCK19_CHUKWUDI046,7411.438
FDA47_CHUKWUDI045,6665.6333
NCE43_CHUKWUDI010,1222.4236
NCL31_CHUKWUDI035,5142.1514
FDN39_CHUKWUDI017,6571.227
FDB40_CHUKWUDI049,6969.033
FDW50_CHUKWUDI045,7005.9453
FDR12_CHUKWUDI018,5697.081
FDA02_CHUKWUDI027,7857.7246
FDD04_CHUKWUDI017,5924.7656
NCG07_CHUKWUDI019,1294.1948
NCD07_CHUKWUDI049,4054.3813
FDZ33_CHUKWUDI027,10439.536
DRA24_CHUKWUDI035,6910.9
NCE06_CHUKWUDI018,6195.6724
DRN11_CHUKWUDI017,4500.511
FDV28_CHUKWUDI013,2050.5388
DRJ47_CHUKWUDI046,8494.088
FDT37_CHUKWUDI017,10171.88
FDF17_CHUKWUDI049,9006.53
FDB27_CHUKWUDI049,7825.6504
FDR28_CHUKWUDI035,6813.0825
FDQ44_CHUKWUDI018,4850.101
NCK19_CHUKWUDI045,7411.438
FDN38_CHUKWUDI045,9963.903
FDZ58_CHUKWUDI017,4773.9614
FDI33_CHUKWUDI046,4005.932
FDR37_CHUKWUDI045,7891.719
NCD54_CHUKWUDI013,6943.7607
FDE16_CHUKWUDI049,10537.282
FDE20_CHUKWUDI017,5352.356
FDT55_CHUKWUDI027,9658.019
NCQ30_CHUKWUDI017,4763.3955
FDA32_CHUKWUDI049,9032.935
FDZ51_CHUKWUDI013,3983.0771
FDS23_CHUKWUDI049,5030.6655
NCH18_CHUKWUDI035,9571.568
FDV20_CHUKWUDI017,5397.1045
FDB58_CHUKWUDI027,9327.983
FDU13_CHUKWUDI049,6893.838
FDW07_CHUKWUDI049,3313.191
FDR57_CHUKWUDI035,5840.553
NCL54_CHUKWUDI017,7588.0776
FDQ07_CHUKWUDI027,15758.11
FDP07_CHUKWUDI018,8127.5547
FDN12_CHUKWUDI017,5238.5596
FDQ12_CHUKWUDI045,12880.15
NCZ29_CHUKWUDI010,812.41473
FDO31_CHUKWUDI013,2979.3708
FDS45_CHUKWUDI013,4816.363
FDA34_CHUKWUDI018,7485.8936
FDJ38_CHUKWUDI046,7636.4165
FDS52_CHUKWUDI046,3345.533
FDP21_CHUKWUDI019,1223.0437
FDY08_CHUKWUDI045,4865.6323
FDN60_CHUKWUDI035,5132.7163
DRB48_CHUKWUDI010,380.37027
FDB03_CHUKWUDI035,9189.883
FDI22_CHUKWUDI035,8277.022
DRD49_CHUKWUDI045,9496.845
FDQ10_CHUKWUDI045,7206.977
NCV06_CHUKWUDI035,7385.663
FDJ10_CHUKWUDI035,5917.4775
FDK26_CHUKWUDI035,8010.626
FDE10_CHUKWUDI010,685.2757
FDL38_CHUKWUDI010,387.93518
FDA31_CHUKWUDI035,7642.51
